chunk_text,token_count,metadata
"(l) For violation of any provisions of this Act or regulations promulgated pursuant hereto, not hereinbefore
specifically punished, a fine of not less than ten or more than fifty pesos shall be imposed.
(m) In the event an offender cannot pay any fine imposed pursuant to the provisions of this Act, he shall be
made to undergo subsidiary imprisonment as provided for in the Revised Penal Code.
(n) If, as the result of negligence or reckless or unreasonable fast driving, any accident occurs resulting in
death or injury of any person, the motor vehicle operator at fault shall, upon conviction, be punished under the
provisions of the Revised Penal Code.
Section 57. Punishment for other offenses. - The conviction of any person for any offense under this Act shall not
bar his prosecution for any other offense which may have been committed by such person concurrently with the
commission of the offense of which he was convicted or in doing the act or series of acts which constituted the
offense of which he was convicted.
Section 58. Duty of clerks of court. - It is hereby made the duty of clerks of the Court of First Instance, the City
Court of Municipal Court trying traffic violation cases to certify to the Commission the result of any case, whether",255,"{'page': 16, 'title': '', 'author': '', 'format': 'PDF 1.7', 'source': 'D:/Projects/trafficlaw-chatbot/data/raw/Republic Act No. 4136_Land Transportation and Traffic Code.pdf', 'creator': 'Mozilla Firefox 141.0.3', 'modDate': '', 'moddate': '', 'subject': '', 'trapped': '', 'keywords': '', 'producer': 'cairo 1.18.0 (https://cairographics.org)', 'file_path': 'D:/Projects/trafficlaw-chatbot/data/raw/Republic Act No. 4136_Land Transportation and Traffic Code.pdf', 'total_pages': 18, 'creationDate': ""D:20250816000841+08'00"", 'creationdate': '2025-08-16T00:08:41+08:00'}"
"promulgate prerequisites and guidelines before the grant of drivers' licenses to ensure that these are
issued only to deserving applicants with sufficient driving skills and knowledge on road safety and
proper road courtesy.
""Toward this end, the conduct of theoretical and practical examinations, among others, must sufficiently
measure the competency of drivers and must be designed to the type of license applied for its
corresponding restrictions: Provided, That for professional drivers, the tests must be appropriated to
the vehicle and type of service the applicant intends to operate.""
Section 4. A new section is hereby added after the Section 23-A of the same Act and numbered as 23-B, to read as
follows:
Sec. 23-B. Penalties. - Without prejudice to the penalties provided under the Revised Penal Code and
other applicable laws, the penalties corresponding to the following acts shall be imposed by the
appropriate agency or officer:
""(a)  Any  officer  who,  in  any  manner,  issues  a  driver's  license  without  the  necessary
examinations, connives with the applicant for the irregular issuance of a license, or who, by
gross negligence, issues a driver's license to an unqualified applicant shall suffer a penalty of
removal from the service with all the accessory penalties attached thereto;",257,"{'page': 1, 'title': '', 'author': '', 'format': 'PDF 1.7', 'source': 'D:/Projects/trafficlaw-chatbot/data/raw/Republic Act No. 10930_ISSUANCES OF DRIVER_S LICENSE, FEES AND VALIDITY.pdf', 'creator': 'Mozilla Firefox 141.0.3', 'modDate': '', 'moddate': '', 'subject': '', 'trapped': '', 'keywords': '', 'producer': 'cairo 1.18.0 (https://cairographics.org)', 'file_path': 'D:/Projects/trafficlaw-chatbot/data/raw/Republic Act No. 10930_ISSUANCES OF DRIVER_S LICENSE, FEES AND VALIDITY.pdf', 'total_pages': 3, 'creationDate': ""D:20250816002605+08'00"", 'creationdate': '2025-08-16T00:26:05+08:00'}"
"45 
 
Republic Act No. 10586 
 
FINES and PENALTIES 
A driver found to have been driving a motor vehicle while under 
the influence of alcohol, dangerous drugs and/or other similar 
substances shall be penalized as follows: 
If the violation did 
not result in physical 
injuries or homicide 
 
 
Twenty thousand pesos  
(Php 20,000.00) to Eighty thousand 
pesos (Php 80,000.00) fine and three 
(3) months imprisonment; 
 
If the violation 
resulted in physical 
injuries 
 
 
The penalty provided in Article 263 of 
the Revised Penal Code or the 
penalty 
provided 
in 
the 
next 
preceding paragraph whichever is 
higher and a fine of One Hundred 
Thousand (Php 100,000.00) to Two 
Hundred Thousand (Php 200,000.00) 
shall be imposed; 
 
If the violation has 
resulted in homicide 
 
 
A penalty provided in Article 249 of 
the Revised Penal Code and a fine 
ranging 
from 
Three 
Hundred 
Thousand (Php 300,000.00) to Five 
Hundred Thousand (Php 500,000.00) 
shall be imposed. 
 
 
FOR NON-PROFESSIONAL DRIVERS: 
1st Conviction 
 
Confiscation and suspension of 
license for a period of 12 months. 
 
2nd Conviction 
Revocation of license. 
 
FOR PROFESSIONAL DRIVERS: 
1st Conviction 
 
Confiscation and perpetual 
revocation of license.",247,"{'page': 48, 'title': '', 'author': '12345', 'format': 'PDF 1.7', 'source': 'D:/Projects/trafficlaw-chatbot/data/raw/FDM-vol.-2-2nd-Edition.pdf', 'creator': 'Microsoft® Word 2019', 'modDate': ""D:20210721115927+08'00'"", 'moddate': '2021-07-21T11:59:27+08:00', 'subject': '', 'trapped': '', 'keywords': '', 'producer': 'Microsoft® Word 2019', 'file_path': 'D:/Projects/trafficlaw-chatbot/data/raw/FDM-vol.-2-2nd-Edition.pdf', 'total_pages': 93, 'creationDate': ""D:20210721115927+08'00'"", 'creationdate': '2021-07-21T11:59:27+08:00'}"
"57 
 
Republic Act No. 10930 
 
FINES and PENALTIES 
 
A. APPLICANT 
 
A fine in the amount of Twenty thousand pesos (P20,000.00) shall 
be imposed upon an applicant for a driver's license found to have 
committed any of the following acts: 
 
""(1) Willful misrepresentation with respect to material information  
       in one's application; 
 
""(2) Connivance with the officer in the irregular conduct of  
       examinations or issuance of license; 
 
""(3) Falsification of documents; or 
 
""(4) Cheating during examinations. 
 
Any or all of the acts abovementioned shall be punished whether 
or not a license was granted by reason of such misrepresentation, 
connivance, falsification or cheating. 
 
In addition to the abovementioned fine, the driver's license of an 
erring applicant, if one is granted by reason of such 
misrepresentation, connivance, falsification or cheating shall be 
revoked, and the applicant shall be prohibited from applying for a 
period of two (2) years. The repetition of such offense shall 
warrant the perpetual disqualification from being granted a driver's 
license in addition to the fine above-stated; and",247,"{'page': 60, 'title': '', 'author': '12345', 'format': 'PDF 1.7', 'source': 'D:/Projects/trafficlaw-chatbot/data/raw/FDM-vol.-2-2nd-Edition.pdf', 'creator': 'Microsoft® Word 2019', 'modDate': ""D:20210721115927+08'00'"", 'moddate': '2021-07-21T11:59:27+08:00', 'subject': '', 'trapped': '', 'keywords': '', 'producer': 'Microsoft® Word 2019', 'file_path': 'D:/Projects/trafficlaw-chatbot/data/raw/FDM-vol.-2-2nd-Edition.pdf', 'total_pages': 93, 'creationDate': ""D:20210721115927+08'00'"", 'creationdate': '2021-07-21T11:59:27+08:00'}"
"dangerous drugs and/or other similar substances, as provided for under Section 5 of this Act, shall be penalized as
follows:
(a) If the violation of Section 5 did not result in physical injuries or homicide, the penalty of three (3) months
imprisonment, and a fine ranging from Twenty thousand pesos (Php20,000.00) to Eighty thousand pesos
(Php80,000.00) shall be imposed;
(b) If the violation of Section 5 resulted in physical injuries, the penalty provided in Article 263 of the Revised
Penal Code or the penalty provided in the next preceding subparagraph, whichever is higher, and a fine
ranging  from  One  hundred  thousand  pesos  (Php100,000.00)  to  Two  hundred  thousand  pesos
(Php200,000.00) shall be imposed;
(c) If the violation of Section 5 resulted in homicide, the penalty provided in Article 249 of the Revised Penal
Code and a fine ranging from Three hundred thousand pesos (Php300,000.00) to Five hundred thousand
pesos (Php500,000.00) shall be imposed; and
(d) The nonprofessional driver’s license of any person found to have violated Section 5 of this Act shall also",256,"{'page': 2, 'title': '', 'author': '', 'format': 'PDF 1.7', 'source': 'D:/Projects/trafficlaw-chatbot/data/raw/Republic Act No. 10586_Anti-Drunk and Drugged Driving Act of 2013.pdf', 'creator': 'Mozilla Firefox 141.0.3', 'modDate': '', 'moddate': '', 'subject': '', 'trapped': '', 'keywords': '', 'producer': 'cairo 1.18.0 (https://cairographics.org)', 'file_path': 'D:/Projects/trafficlaw-chatbot/data/raw/Republic Act No. 10586_Anti-Drunk and Drugged Driving Act of 2013.pdf', 'total_pages': 4, 'creationDate': ""D:20250816001013+08'00"", 'creationdate': '2025-08-16T00:10:13+08:00'}"
"Section 7. Review of Penalties. – The Land Transportation Office (LTO) is hereby empowered to increase or adjust
the amounts of fines herein imposed: Provided, That:
(a) The increase or adjustment is made after public consultation once every three (3) years from the effectivity
of this Act and in the amount not exceeding twenty percent (20%) of the amounts sought to be increased or
adjusted;
(b) A thorough study has been conducted indicating that the existing amounts are no longer an effective
deterrent;
(c) Current relevant economic indices, such as the Consumer Price Index (CPI), have been considered in the
determination of the increase or adjustment; and
(d) The increases or adjustment shall only become effective fifteen (15) days after its publication in two (2)
newspapers of general circulation.
Section 8. Qualifying Circumstances. – If, in violation of the provisions of this Act, death shall have resulted or
serious or less serious injuries shall have been inflicted upon the child or any other person, a penalty of one (1) year
imprisonment shall be imposed upon the motorcycle rider or operator of the motorcycle involved without prejudice to
the penalties provided under Act No. 3815, otherwise known as ""The Revised Penal Code of the Philippines"", as",257,"{'page': 1, 'title': '', 'author': '', 'format': 'PDF 1.7', 'source': 'D:/Projects/trafficlaw-chatbot/data/raw/Republic Act No. 10666_Children_s Safety on Motorcycles Act of 2015 .pdf', 'creator': 'Mozilla Firefox 141.0.3', 'modDate': '', 'moddate': '', 'subject': '', 'trapped': '', 'keywords': '', 'producer': 'cairo 1.18.0 (https://cairographics.org)', 'file_path': 'D:/Projects/trafficlaw-chatbot/data/raw/Republic Act No. 10666_Children_s Safety on Motorcycles Act of 2015 .pdf', 'total_pages': 3, 'creationDate': ""D:20250816001147+08'00"", 'creationdate': '2025-08-16T00:11:47+08:00'}"
"revoked, and the applicant shall be prohibited from applying for a 
period of two (2) years. The repetition of such offense shall 
warrant the perpetual disqualification from being granted a driver's 
license in addition to the fine above-stated; and 
 
A holder of a driver's license who acts in violation of the provisions 
of Republic Act No. 4136 and other existing traffic laws shall suffer 
corresponding penalties as may be provided by law and other 
issuances.",93,"{'page': 60, 'title': '', 'author': '12345', 'format': 'PDF 1.7', 'source': 'D:/Projects/trafficlaw-chatbot/data/raw/FDM-vol.-2-2nd-Edition.pdf', 'creator': 'Microsoft® Word 2019', 'modDate': ""D:20210721115927+08'00'"", 'moddate': '2021-07-21T11:59:27+08:00', 'subject': '', 'trapped': '', 'keywords': '', 'producer': 'Microsoft® Word 2019', 'file_path': 'D:/Projects/trafficlaw-chatbot/data/raw/FDM-vol.-2-2nd-Edition.pdf', 'total_pages': 93, 'creationDate': ""D:20210721115927+08'00'"", 'creationdate': '2021-07-21T11:59:27+08:00'}"
"gross negligence, issues a driver's license to an unqualified applicant shall suffer a penalty of
removal from the service with all the accessory penalties attached thereto;
""(b) A fine in the amount of Twenty thousand pesos (P20,000.00) shall be imposed upon an
applicasnt for a driver's license found to have committed any of the following acts:
""(1) Willful misrepresentation with respect to material information in one's application;
""(2) Connivance with the officer in the irregular conduct of examinations or issuance of
license;
""(3) Falsification of documents; or
""(4) Cheating during examinations.
""Any or all of the acts abovementioned shall be punished whether or not a license was granted
but reason of such misrepresentation, connivance, falsification or cheating.
""In addition to the abovementioned fine, the driver's license of an erring applicant, if one is
granted by reason of such misrepresentation, connivance, falsification or cheating , shall be
revoked, and the applicant shall be prohibited from applying for a period of two(2) years. The",250,"{'page': 1, 'title': '', 'author': '', 'format': 'PDF 1.7', 'source': 'D:/Projects/trafficlaw-chatbot/data/raw/Republic Act No. 10930_ISSUANCES OF DRIVER_S LICENSE, FEES AND VALIDITY.pdf', 'creator': 'Mozilla Firefox 141.0.3', 'modDate': '', 'moddate': '', 'subject': '', 'trapped': '', 'keywords': '', 'producer': 'cairo 1.18.0 (https://cairographics.org)', 'file_path': 'D:/Projects/trafficlaw-chatbot/data/raw/Republic Act No. 10930_ISSUANCES OF DRIVER_S LICENSE, FEES AND VALIDITY.pdf', 'total_pages': 3, 'creationDate': ""D:20250816002605+08'00"", 'creationdate': '2025-08-16T00:26:05+08:00'}"
"(c) A fine of fifteen thousand pesos (₱15,000.00) and suspension of driver’s license for three (3) months for
the third offense; and
(d) A fine of twenty thousand pesos (₱20,000.00) and revocation of driver’s license; Provided, That the
implementing agency may increase the amount of fine herein imposed once every five (5) years in the
amount not exceeding ten percent (10%) of the existing rates sought to be increased which shall take effect
only upon publication in at least two (2) newspapers of general circulation: Provided, further, That a driver of a
public utility vehicle, a school bus, a school service vehicle, a common carrier hauling volatile, flammable or
toxic material, or a driver who commits an act classified herein as distracted driving within a fifty (50)-meter
radius from the school premises shall be subject to a penalty of thirty thousand pesos (₱30,000.00) and
suspension of one’s driver’s license for three (3) months.
The foregoing penalties shall be imposed without prejudice to other liabilities under the Revised Penal Code or any
special law, arising out or on occasion of the herein prohibited acts.",258,"{'page': 1, 'title': '', 'author': '', 'format': 'PDF 1.7', 'source': 'D:/Projects/trafficlaw-chatbot/data/raw/Republic Act No. 10913_Anti-Distracted Driving Act.pdf', 'creator': 'Mozilla Firefox 141.0.3', 'modDate': '', 'moddate': '', 'subject': '', 'trapped': '', 'keywords': '', 'producer': 'cairo 1.18.0 (https://cairographics.org)', 'file_path': 'D:/Projects/trafficlaw-chatbot/data/raw/Republic Act No. 10913_Anti-Distracted Driving Act.pdf', 'total_pages': 3, 'creationDate': ""D:20250816001212+08'00"", 'creationdate': '2025-08-16T00:12:12+08:00'}"
89,3,"{'page': 92, 'title': '', 'author': '12345', 'format': 'PDF 1.7', 'source': 'D:/Projects/trafficlaw-chatbot/data/raw/FDM-vol.-2-2nd-Edition.pdf', 'creator': 'Microsoft® Word 2019', 'modDate': ""D:20210721115927+08'00'"", 'moddate': '2021-07-21T11:59:27+08:00', 'subject': '', 'trapped': '', 'keywords': '', 'producer': 'Microsoft® Word 2019', 'file_path': 'D:/Projects/trafficlaw-chatbot/data/raw/FDM-vol.-2-2nd-Edition.pdf', 'total_pages': 93, 'creationDate': ""D:20210721115927+08'00'"", 'creationdate': '2021-07-21T11:59:27+08:00'}"
"penalty 
920.26 + penalty 
 
REQUEST FOR 
LICENSE CHANGE 
CLASSIFICATION 
 
 
Additional 
Penalty fees 
if due for renewal license fee 
585.00 
Penalty 
if expired  
1 day to 1 year 
75.00 
1 year and 1 day to 2 years 
150.00 
2 years and 1 day to 10 years 
225.00 
If with Additional Restriction Code (ARC) 
100.00 / RC 
 
 
FEES and OTHER CHARGES 
    APPLICATION 
FOR     
ADDITIONAL 
RESTRICTION 
CODE 
PARTICULARS 
VALID 
PROFESSIONAL 
VALID 
NON-PROFESSIONAL 
DUE TO RENEWAL 
Application Fee 
100.00 
100.00 
100.00 
Computer Fee 
67.63 
67.63 
67.63 
Replacement Fee 
225.00 
225.00 
-- 
Renewal Fee 
-- 
-- 
585.00 
Additional Restriction Fee 
100.00 / RC 
100.00 / RC 
100.00 / RC 
Computer Fee 
67.63 
67.63 
67.63 
TOTAL 
560.26 
560.26 
920.26 
   
  Note: In case of the conflict in text of the manual and LTO Citizens Charter, the latter shall prevail.",200,"{'page': 35, 'title': '', 'author': '12345', 'format': 'PDF 1.7', 'source': 'D:/Projects/trafficlaw-chatbot/data/raw/FDM-Vol.-1-2nd-Edition.pdf', 'creator': 'Microsoft® Word 2019', 'modDate': ""D:20210721123107+08'00'"", 'moddate': '2021-07-21T12:31:07+08:00', 'subject': '', 'trapped': '', 'keywords': '', 'producer': 'Microsoft® Word 2019', 'file_path': 'D:/Projects/trafficlaw-chatbot/data/raw/FDM-Vol.-1-2nd-Edition.pdf', 'total_pages': 200, 'creationDate': ""D:20210721123107+08'00'"", 'creationdate': '2021-07-21T12:31:07+08:00'}"
"granted by reason of such misrepresentation, connivance, falsification or cheating , shall be
revoked, and the applicant shall be prohibited from applying for a period of two(2) years. The
repitition  of  such  offense shall  warrant  the  perpetual  disqualification  from  being  granted  a
drivers's license in addition to the fine above-stated; and
""(c) A holder of a driver's license who acts in violation of the provisions of Republic Act No. 4136
and other existing traffic laws shall suffer corresponding penalties as may be provided by law
and other issuances.
""In case of death or physical injuries resulting in the loss of any part of the victim's body or the
use thereof, insanity, imbecility, impotence or blindness, or incapacity to work for more than
ninety (90) days, the license of the offending driver shall be revoked for a period of four (4)
years, after a finding by the court that such driver was negligent or at fault.
""The Department of Transportation (DOTr) and the LTO shall, in coordination with the Land
Transportation Franchising and Regulatory Board (LTFRB) and other concerned agencies and",249,"{'page': 1, 'title': '', 'author': '', 'format': 'PDF 1.7', 'source': 'D:/Projects/trafficlaw-chatbot/data/raw/Republic Act No. 10930_ISSUANCES OF DRIVER_S LICENSE, FEES AND VALIDITY.pdf', 'creator': 'Mozilla Firefox 141.0.3', 'modDate': '', 'moddate': '', 'subject': '', 'trapped': '', 'keywords': '', 'producer': 'cairo 1.18.0 (https://cairographics.org)', 'file_path': 'D:/Projects/trafficlaw-chatbot/data/raw/Republic Act No. 10930_ISSUANCES OF DRIVER_S LICENSE, FEES AND VALIDITY.pdf', 'total_pages': 3, 'creationDate': ""D:20250816002605+08'00"", 'creationdate': '2025-08-16T00:26:05+08:00'}"
"The foregoing penalties shall be imposed without prejudice to other liabilities under the Revised Penal Code or any
special law, arising out or on occasion of the herein prohibited acts.
Section 9. Liability of Owner and/or Operator of the Vehicle Driven by the Offender. - The owner and/or operator of
the vehicle driven by the offender shall be directly and principally held liable together with the offender for the fine
unless he or she is able to convincingly prove that he or she has exercised extraordinary diligence in the selection
and supervision of his or her drivers in general and the offending driver in particular.
This section shall principally apply to the owners and/or operators of public utility vehicles and commercial vehicles
such as delivery vans, cargo trucks, container trucks, school and company buses, hotel transports, cars or vans for
rent, taxi cabs, and the like.",175,"{'page': 1, 'title': '', 'author': '', 'format': 'PDF 1.7', 'source': 'D:/Projects/trafficlaw-chatbot/data/raw/Republic Act No. 10913_Anti-Distracted Driving Act.pdf', 'creator': 'Mozilla Firefox 141.0.3', 'modDate': '', 'moddate': '', 'subject': '', 'trapped': '', 'keywords': '', 'producer': 'cairo 1.18.0 (https://cairographics.org)', 'file_path': 'D:/Projects/trafficlaw-chatbot/data/raw/Republic Act No. 10913_Anti-Distracted Driving Act.pdf', 'total_pages': 3, 'creationDate': ""D:20250816001212+08'00"", 'creationdate': '2025-08-16T00:12:12+08:00'}"
"and address and also the true name and address of the owner of the motor vehicle.
No driver of a motor vehicle concerned in a vehicular accident shall leave the scene of the accident without aiding
the victim, except under any of the following circumstances:
1. If he is in imminent danger of being seriously harmed by any person or persons by reason of the accident;
2. If he reports the accident to the nearest officer of the law; or
3. If he has to summon a physician or nurse to aid the victim.
CHAPTER V
PENAL AND OTHER PROVISIONS
ARTICLE I
Penalties
Section 56. Penalty for violation. - The following penalties shall be imposed for violations of this Act:
(a) For registering later than seven days after acquiring title to an unregistered motor vehicle or after
conversion of a registered motor vehicle requiring larger registration fee than that for which it was originally
registered, or for renewal of a delinquent registration, the penalty shall be a fine fifty per cent of the
registration fees corresponding to the portion of the year for which the vehicle is registered for use.",216,"{'page': 15, 'title': '', 'author': '', 'format': 'PDF 1.7', 'source': 'D:/Projects/trafficlaw-chatbot/data/raw/Republic Act No. 4136_Land Transportation and Traffic Code.pdf', 'creator': 'Mozilla Firefox 141.0.3', 'modDate': '', 'moddate': '', 'subject': '', 'trapped': '', 'keywords': '', 'producer': 'cairo 1.18.0 (https://cairographics.org)', 'file_path': 'D:/Projects/trafficlaw-chatbot/data/raw/Republic Act No. 4136_Land Transportation and Traffic Code.pdf', 'total_pages': 18, 'creationDate': ""D:20250816000841+08'00"", 'creationdate': '2025-08-16T00:08:41+08:00'}"
"mark or the ICC certificate shall be punished with a fine of not less than Three thousand pesos (Php3,000.00) for
the first offense; and Five thousand pesos (Php5,000.00) for the second offense, without prejudice to other penalties
imposed in Republic Act No. 7394 or the ""Consumer Act of the Philippines"".
(d) Tampering, alteration, forgery and imitation of the PS mark and the ICC certificates in the helmets shall be
punished with a fine of not less than Ten thousand pesos (Php10,000.00) but not more than Twenty thousand pesos
(Php20,000.00), without prejudice to other penalties imposed in Republic Act No. 7394 or the ""Consumer Act of the
Philippines"".
Section 8. Nationwide Public Information Campaign. - The LTO, in coordination with the Philippine Information
Agency (PIA), the Department of Education (DepED) and private agencies and organizations, shall undertake a
nationwide information, education and communication (IEC) campaign for a period of six (6) months for the
attainment of the objective s of this Act.",235,"{'page': 1, 'title': '', 'author': '', 'format': 'PDF 1.7', 'source': 'D:/Projects/trafficlaw-chatbot/data/raw/Republic Act No. 10054_Motorcycle Helmet Act of 2009.pdf', 'creator': 'Mozilla Firefox 141.0.3', 'modDate': '', 'moddate': '', 'subject': '', 'trapped': '', 'keywords': '', 'producer': 'cairo 1.18.0 (https://cairographics.org)', 'file_path': 'D:/Projects/trafficlaw-chatbot/data/raw/Republic Act No. 10054_Motorcycle Helmet Act of 2009.pdf', 'total_pages': 2, 'creationDate': ""D:20250816001029+08'00"", 'creationdate': '2025-08-16T00:10:29+08:00'}"
"47 
 
Republic Act No. 10666 
 
EXEMPTIONS 
 
 
 
 
 
 
 
 
 
 
 
FINES and PENALTIES 
 
First Offense 
- Three Thousand Pesos 
        (Php 3,000.00) 
Second Offense 
- Five Thousand Pesos  
        (Php 5,000.00) 
Third Offense 
- Ten Thousand Pesos  
(Php 10,000.00) and One (1) 
month suspension of driver’s 
license 
Succeeding Offenses 
- Ten thousand Pesos 
(Php 10,000.00) and automatic 
revocation of driver’s license",95,"{'page': 50, 'title': '', 'author': '12345', 'format': 'PDF 1.7', 'source': 'D:/Projects/trafficlaw-chatbot/data/raw/FDM-vol.-2-2nd-Edition.pdf', 'creator': 'Microsoft® Word 2019', 'modDate': ""D:20210721115927+08'00'"", 'moddate': '2021-07-21T11:59:27+08:00', 'subject': '', 'trapped': '', 'keywords': '', 'producer': 'Microsoft® Word 2019', 'file_path': 'D:/Projects/trafficlaw-chatbot/data/raw/FDM-vol.-2-2nd-Edition.pdf', 'total_pages': 93, 'creationDate': ""D:20210721115927+08'00'"", 'creationdate': '2021-07-21T11:59:27+08:00'}"
"(b) The same fine shall be imposed upon the driver, owner or operator who operates or allows a person to
operate a motor vehicle with a nonfunctioning or tampered speed limiter.
In addition to the above fines, a suspension of the driver’s license for a period of one (1) month or franchise of
a motor vehicle for a period of three (3) months, as the case may be, shall be imposed upon the offender who
commits the abovementioned violations for the first time.
For the commission of any of the foregoing prohibited acts for the second time, the driver’s license of the
offender shall be suspended for a period of three (3) months or the franchise of a motor vehicle shall be
suspended for a period of six (6) months, as the case may be. in addition to the fines herein imposed.
For the subsequent commission of any of the foregoing prohibited acts, the driver’s license of the offender
shall be revoked or the franchise of a motor vehicle shall be suspended for a period of one (1) year, as the
case may be, in addition to the fines herein imposed.",237,"{'page': 1, 'title': '', 'author': '', 'format': 'PDF 1.7', 'source': 'D:/Projects/trafficlaw-chatbot/data/raw/Republic Act No. 10916_Road Speed Limiter Act of 2016.pdf', 'creator': 'Mozilla Firefox 141.0.3', 'modDate': '', 'moddate': '', 'subject': '', 'trapped': '', 'keywords': '', 'producer': 'cairo 1.18.0 (https://cairographics.org)', 'file_path': 'D:/Projects/trafficlaw-chatbot/data/raw/Republic Act No. 10916_Road Speed Limiter Act of 2016.pdf', 'total_pages': 3, 'creationDate': ""D:20250816001241+08'00"", 'creationdate': '2025-08-16T00:12:41+08:00'}"
"67 
 
Republic Act No. 11235 
Failure to Surrender Seized Motorcycle 
VIOLATION 
PENALTY 
Any law enforcer who shall fail 
to surrender to proper 
authorities a seized 
motorcycle within 24 hours 
Prision Correccional (6 months 
and 1 day to 6 yrs.) 
 
Grave Felony/Less Grave Felony/Light Felony 
ARTICLE 9. Grave Felonies, Less Grave Felonies and Light 
Felonies. (REVISED PENAL CODE) 
 
Grave felonies are those to which the law attaches the capital 
punishment or penalties which in any of their periods are afflictive, 
in accordance with article 25 of this Code. 
 
Less grave felonies are those which the law punishes with 
penalties which in their maximum period are correctional, in 
accordance with the abovementioned article. 
 
Light felonies are those infractions of law for the commission of 
which the penalty of arresto menor or a fine not exceeding to 200 
pesos or both, is provided.",191,"{'page': 70, 'title': '', 'author': '12345', 'format': 'PDF 1.7', 'source': 'D:/Projects/trafficlaw-chatbot/data/raw/FDM-vol.-2-2nd-Edition.pdf', 'creator': 'Microsoft® Word 2019', 'modDate': ""D:20210721115927+08'00'"", 'moddate': '2021-07-21T11:59:27+08:00', 'subject': '', 'trapped': '', 'keywords': '', 'producer': 'Microsoft® Word 2019', 'file_path': 'D:/Projects/trafficlaw-chatbot/data/raw/FDM-vol.-2-2nd-Edition.pdf', 'total_pages': 93, 'creationDate': ""D:20210721115927+08'00'"", 'creationdate': '2021-07-21T11:59:27+08:00'}"
"58 
 
Republic Act No. 10930 
 
In case of death or physical injuries resulting in the loss of any part 
of the victim's body or the use thereof, insanity, imbecility 
impotence or blindness, or incapacity to work for more than ninety 
(90) days, the license of the offending driver shall be revoked for a 
period of (4) years, after a finding by the court that such driver was 
negligent or at fault 
 
The Department of Transportation (DOTr) and the LTO shall, in 
coordination with the Land Transportation Franchising and 
Regulatory Board (LTFRB) and other concerned agencies and 
private stakeholders, aggressively and regularly conduct a 
nationwide information, education and communication (IEC) 
campaign on road safety, including the list of measures 
implemented pursuant to and violations punishable under this Act 
 
 
B. OFFICER 
 
Any officer who, in any manner, issues a driver's license without 
the necessary examinations, connives with the applicant for the 
irregular issuance of a license, or who, by gross negligence, 
issues a driver's license to an unqualified applicant shall suffer a 
penalty of removal from the service with all the accessory 
penalties attached thereto.",243,"{'page': 61, 'title': '', 'author': '12345', 'format': 'PDF 1.7', 'source': 'D:/Projects/trafficlaw-chatbot/data/raw/FDM-vol.-2-2nd-Edition.pdf', 'creator': 'Microsoft® Word 2019', 'modDate': ""D:20210721115927+08'00'"", 'moddate': '2021-07-21T11:59:27+08:00', 'subject': '', 'trapped': '', 'keywords': '', 'producer': 'Microsoft® Word 2019', 'file_path': 'D:/Projects/trafficlaw-chatbot/data/raw/FDM-vol.-2-2nd-Edition.pdf', 'total_pages': 93, 'creationDate': ""D:20210721115927+08'00'"", 'creationdate': '2021-07-21T11:59:27+08:00'}"
"preclude the right of any other person to file any criminal or civil action. Such civil action shall proceed
independently.
Section 43. Suits and Strategic Legal Actions Against Public Participation and the Enforcement of This Act.
- Where a suit is brought against a person who filed an action as provided in Sec. 41 of this Act, or against any
person, institution or government agency that implements this Act, it shall be the duty of the investigating prosecutor
or the court, as the case may be, to immediately make a determination not exceeding thirty (30) days whether said
legal action has been filed to harass, vex, exert undue pressure or stifle such legal recourses of the person
complaining of or enforcing the provisions of this Act. Upon determination thereof, evidence warranting the same,
the court shall dismiss the case and award attorney's fees and double damages.
This provision shall also apply and benefit public officers who are sued for acts committed in their official capacity,
their being no grave abuse of authority, and done in the course of enforcing this Act.
Section 44. Lien Upon Personal and Immovable Properties of Violators. - Fines and penalties imposed",237,"{'page': 16, 'title': 'R.A. 8749', 'author': '', 'format': 'PDF 1.4', 'source': 'D:/Projects/trafficlaw-chatbot/data/raw/R.A. 8749_Philippine Clean Air Act of 1999(Section 21-23).pdf', 'creator': 'Mozilla/5.0 (Windows NT 10.0; Win64; x64) AppleWebKit/537.36 (KHTML, like Gecko) Chrome/139.0.0.0 Safari/537.36', 'modDate': ""D:20250817092756+00'00'"", 'moddate': '2025-08-17T09:27:56+00:00', 'subject': '', 'trapped': '', 'keywords': '', 'producer': 'Skia/PDF m139', 'file_path': 'D:/Projects/trafficlaw-chatbot/data/raw/R.A. 8749_Philippine Clean Air Act of 1999(Section 21-23).pdf', 'total_pages': 20, 'creationDate': ""D:20250817092756+00'00'"", 'creationdate': '2025-08-17T09:27:56+00:00'}"
"(30) days 
 
 3rd and Subsequent Offenses 
– 
Php 
15,000.00 
and 
cancellation of CPC where the 
unit is authorized 
 
 
 
 
1st Offense - Php 50,000.00 
 
2nd Offense - Php 75,000.00 and 
impounding of unit of at forty-five 
(45) days. An impounding fee of 
P500.00 per day shall be imposed. 
 
3rd and Subsequent Offenses - 
Php 100,000.00 and cancellation of 
CPC 
 
 
 
1st Offense - Php 5,000.00 
2nd Offense - Php 10,000.00 and 
impounding of unit for thirty (30) days 
3rd and subsequent Offenses -  
Php 15,000.00 and cancellation of 
CPC where the unit is authorized 
 
 
Except in cases of colorum violation, as stated in number one (1), the LTFRB, 
in the application of these fines and penalties, shall count offenses against 
operators and not against a particular motor vehicle or CPC. Hence, the 
second offense committed by a different vehicle of the same operator shall be 
counted as second (2nd) offense and another offense by third vehicle with the 
same operator shall be counted as a third (3rd) offense, provided all 
apprehended vehicles belong to the same CPC. 
 
Fines and penalties provided for under existing Memorandum Circulars of the",256,"{'page': 90, 'title': '', 'author': '12345', 'format': 'PDF 1.7', 'source': 'D:/Projects/trafficlaw-chatbot/data/raw/FDM-vol.-2-2nd-Edition.pdf', 'creator': 'Microsoft® Word 2019', 'modDate': ""D:20210721115927+08'00'"", 'moddate': '2021-07-21T11:59:27+08:00', 'subject': '', 'trapped': '', 'keywords': '', 'producer': 'Microsoft® Word 2019', 'file_path': 'D:/Projects/trafficlaw-chatbot/data/raw/FDM-vol.-2-2nd-Edition.pdf', 'total_pages': 93, 'creationDate': ""D:20210721115927+08'00'"", 'creationdate': '2021-07-21T11:59:27+08:00'}"
"53 
 
Republic Act No. 10916 
 
FINES and PENALTIES 
 
A Driver who operates a Motor Vehicle without speed limiter or the 
owner/operator who allows such driver to operate an MV without 
speed limiter. 
 
A driver, owner or operator who operates or allows a person to 
operate a motor vehicle with a nonfunctioning or tampered speed 
limiter. 
 
First Offense 
 
- Fifty Thousand Pesos 
(Php 50,000.00) 
 
Plus, a one (1) month suspension 
of driver's license or three (3) 
months 
suspension 
of 
MV 
franchise 
 
Second Offense 
- Fifty Thousand Pesos  
(Php 50,000.00) 
 
Revocation of driver's license or 
six (6) months suspension of MV 
franchise 
 
Third Offense 
- Fifty Thousand Pesos 
(Php 50,000.00) 
 
Revocation of driver's license or 
one (1) year suspension of MV 
franchise 
 
ANY PERSON  
FOUND GUILTY  
OF TAMPERING A 
SPEED LIMITER 
 
- 
Thirty Thousand Pesos  
      (Php 30,000.00) 
 
Imprisonment of not less than six 
(6) months but not more than 
three (3) years",219,"{'page': 56, 'title': '', 'author': '12345', 'format': 'PDF 1.7', 'source': 'D:/Projects/trafficlaw-chatbot/data/raw/FDM-vol.-2-2nd-Edition.pdf', 'creator': 'Microsoft® Word 2019', 'modDate': ""D:20210721115927+08'00'"", 'moddate': '2021-07-21T11:59:27+08:00', 'subject': '', 'trapped': '', 'keywords': '', 'producer': 'Microsoft® Word 2019', 'file_path': 'D:/Projects/trafficlaw-chatbot/data/raw/FDM-vol.-2-2nd-Edition.pdf', 'total_pages': 93, 'creationDate': ""D:20210721115927+08'00'"", 'creationdate': '2021-07-21T11:59:27+08:00'}"
"72 
 
Chapter III 
Fines and Penalties for Violations of Laws, Rules and 
Regulations Governing Land Transportation 
 
TEMPORARY OPERATOR’S PERMIT (TOP) 
 
Serves as a permit to operate a motor vehicle for a period of seventy-
two (72) hours only. All apprehensions are deemed admitted unless 
contested by filling a written contest within five (5) days from date of 
apprehension. Failure of the driver to pay the corresponding penalty 
within fifteen (15) days from the date of apprehension shall cause 
automatic suspension of his driver’s license for a period of thirty (30) 
days from the date of apprehension, in addition to the fines and 
penalties prescribed hereunder. The LTO shall resolve a contested 
case within five (5) days from receipt of said written contest. 
 
The imposition of the fines and penalties shall be without prejudice to 
any criminal action that may be instituted under existing laws, rules 
and regulations. 
 
VIOLATIONS IN CONNECTION 
WITH LICENSING 
 
A. DRIVING WITHOUT A VALID 
DRIVER’S LICENSE / 
CONDUCTOR’S PERMIT 
 
This includes driving within an 
expired, revoked, suspended, 
inappropriate 
driver’s 
license 
restriction code, inappropriate 
driver’s license classification, 
fake driver’s license, tourist 
driving a motor vehicle with a 
valid foreign driving license 
beyond the 90-day maximum 
allowable period and a student 
driver 
driving 
without 
being",257,"{'page': 75, 'title': '', 'author': '12345', 'format': 'PDF 1.7', 'source': 'D:/Projects/trafficlaw-chatbot/data/raw/FDM-vol.-2-2nd-Edition.pdf', 'creator': 'Microsoft® Word 2019', 'modDate': ""D:20210721115927+08'00'"", 'moddate': '2021-07-21T11:59:27+08:00', 'subject': '', 'trapped': '', 'keywords': '', 'producer': 'Microsoft® Word 2019', 'file_path': 'D:/Projects/trafficlaw-chatbot/data/raw/FDM-vol.-2-2nd-Edition.pdf', 'total_pages': 93, 'creationDate': ""D:20210721115927+08'00'"", 'creationdate': '2021-07-21T11:59:27+08:00'}"
"thousand pesos (₱100,000.00) for each and every child restraint system product manufactured, distributed,
imported and/or sold, without prejudice to other penalties imposed under Republic Act No. 7394 or the
""Consumer Act of the Philippines"".
(c) Any driver who allows the use of substandard and/or expired child restraint system or permits the use of
child restraint system that does not bear the PS mark or the ICC sticker and certificate, shall be fined One
thousand pesos (₱1,000.00) for the first offense; Three thousand pesos (₱3,000.00) for the second offense;
and Five thousand pesos (₱5,000.00) and the suspension of the driver’s license for a period of one (1) year
for the third and succeeding offenses.1âwphi1
(d) Tampering, alteration, forgery and imitation of the PS mark or the ICC stickers in the child restraint system
shall be punished with a fine of not less than Fifty thousand pesos (₱50,000.00) but not more than One
hundred thousand pesos (₱100,000.00), for each and every child restraint system product, without prejudice",255,"{'page': 2, 'title': 'Republic Act No. 11229', 'author': '', 'format': 'PDF 1.4', 'source': 'D:/Projects/trafficlaw-chatbot/data/raw/Republic Act No. 11229_Child Safety in Motor Vehicles Act of 2019.pdf', 'creator': 'Mozilla/5.0 (Windows NT 10.0; Win64; x64) AppleWebKit/537.36 (KHTML, like Gecko) Chrome/139.0.0.0 Safari/537.36', 'modDate': ""D:20250817091717+00'00'"", 'moddate': '2025-08-17T09:17:17+00:00', 'subject': '', 'trapped': '', 'keywords': '', 'producer': 'Skia/PDF m139', 'file_path': 'D:/Projects/trafficlaw-chatbot/data/raw/Republic Act No. 11229_Child Safety in Motor Vehicles Act of 2019.pdf', 'total_pages': 4, 'creationDate': ""D:20250817091717+00'00'"", 'creationdate': '2025-08-17T09:17:17+00:00'}"
"74 
 
D. Refer to R.A. No. 10586 
 
 
 
E. RECKLESS DRIVING 
 
No person shall operate a 
motor vehicle on any highway 
recklessly 
or 
without 
reasonable 
caution 
considering the width, traffic, 
grades, crossing, curvatures, 
visibility and other conditions 
of 
the 
highway 
and 
the 
conditions of the atmosphere 
and 
weather, 
or 
so 
to 
endanger the property of the 
safety or rights of any person 
or so as to cause excessive or 
unreasonable damage to the 
highway. 
 
This includes driving with an 
improperly registered motor 
vehicle or a motor vehicle with 
expired, revoked, suspended, 
or 
invalid 
registration, 
unregistered of fake substitute 
or replacement engine, engine 
block or chassis. 
 
 
 
 
F. SUBMISSION OF FAKE 
DOCUMENTS IN RELATION 
TO THE APPLICATION FOR 
A DRIVER’S LICENSE 
(NEW/RENEWAL) 
 
 
 
 
 
 
Anti-Drunk 
and 
Drugged 
Driving Act of 2013 
 
 
First offense Php 2,000.00 
 
Second offense Php 3,000.00 
 
Subsequent offense Php10,000.00 
 
In addition, the driver’s license 
shall be suspended for a period 
of three (3) months for the 
second offense and six (6) 
months for the third offense 
from payment of fine and 
revocation of driver’s license on 
the succeeding offense. 
 
A 
revoked 
non-professional 
driver shall be disqualified from 
being granted a driver’s license",256,"{'page': 77, 'title': '', 'author': '12345', 'format': 'PDF 1.7', 'source': 'D:/Projects/trafficlaw-chatbot/data/raw/FDM-vol.-2-2nd-Edition.pdf', 'creator': 'Microsoft® Word 2019', 'modDate': ""D:20210721115927+08'00'"", 'moddate': '2021-07-21T11:59:27+08:00', 'subject': '', 'trapped': '', 'keywords': '', 'producer': 'Microsoft® Word 2019', 'file_path': 'D:/Projects/trafficlaw-chatbot/data/raw/FDM-vol.-2-2nd-Edition.pdf', 'total_pages': 93, 'creationDate': ""D:20210721115927+08'00'"", 'creationdate': '2021-07-21T11:59:27+08:00'}"
"62 
 
Republic Act No. 11229 
 
EXEMPTIONS 
 
This circumstances where the use of the child restraint system 
would put a child in greater danger, such as: 
1) During medical emergencies; 
 
2) When the child being transported has a medical, mental, 
psychological, psychiatric or developmental condition; or  
 
3) Other analogous circumstances as may be determined by the 
DOTr in consultation with the DOH. 
 
The child being secured in a child restraint system, at no instance 
shall such child be left unaccompanied by an adult in a motor 
vehicle. 
 
 
FINES and PENALTIES 
 
 
 
 
First Offense 
- 
Php 1,000.00 
Second Offense 
- 
Php 2,000.00 
 
Third and Succeeding 
Offenses 
- 
Php 5,000.00  
and suspension of the driver’s 
license for a   period of one (1) 
year",159,"{'page': 65, 'title': '', 'author': '12345', 'format': 'PDF 1.7', 'source': 'D:/Projects/trafficlaw-chatbot/data/raw/FDM-vol.-2-2nd-Edition.pdf', 'creator': 'Microsoft® Word 2019', 'modDate': ""D:20210721115927+08'00'"", 'moddate': '2021-07-21T11:59:27+08:00', 'subject': '', 'trapped': '', 'keywords': '', 'producer': 'Microsoft® Word 2019', 'file_path': 'D:/Projects/trafficlaw-chatbot/data/raw/FDM-vol.-2-2nd-Edition.pdf', 'total_pages': 93, 'creationDate': ""D:20210721115927+08'00'"", 'creationdate': '2021-07-21T11:59:27+08:00'}"
"effectivity of this Act.
Section 10. Penalties. -
(a) Any driver in violation of Sections 4 and 5 of this Act shall be fined One thousand pesos (₱1,000.00) for
the first offense; Two thousand pesos (₱2,000.00) for the second offense; Five thousand pesos (₱5,000.00)
and suspension of the drivers license for a period of one (1) year for the third and succeeding offenses.
(b) Any manufacturer, distributor, importer, retailer, and seller who violates Sections 6 and 7 of this Act shall
be punished with a fine of not less than Fifty thousand pesos (₱50,000.00) but not more than One hundred
8/17/25, 5:17 PM
Republic Act No. 11229
https://lawphil.net/statutes/repacts/ra2019/ra_11229_2019.html
2/4",200,"{'page': 1, 'title': 'Republic Act No. 11229', 'author': '', 'format': 'PDF 1.4', 'source': 'D:/Projects/trafficlaw-chatbot/data/raw/Republic Act No. 11229_Child Safety in Motor Vehicles Act of 2019.pdf', 'creator': 'Mozilla/5.0 (Windows NT 10.0; Win64; x64) AppleWebKit/537.36 (KHTML, like Gecko) Chrome/139.0.0.0 Safari/537.36', 'modDate': ""D:20250817091717+00'00'"", 'moddate': '2025-08-17T09:17:17+00:00', 'subject': '', 'trapped': '', 'keywords': '', 'producer': 'Skia/PDF m139', 'file_path': 'D:/Projects/trafficlaw-chatbot/data/raw/Republic Act No. 11229_Child Safety in Motor Vehicles Act of 2019.pdf', 'total_pages': 4, 'creationDate': ""D:20250817091717+00'00'"", 'creationdate': '2025-08-17T09:17:17+00:00'}"
"86 
 
VIOLATIONS 
FINES AND PENALTIES 
 
9. Operating the units / with 
defective 
parts 
and 
accessories* 
 
10. Failure to provide fare discount 
to those entitled under existing 
laws 
and 
pertinent 
Memorandum Circulars of the 
LTFRB* 
 
11. Failure to provide the Board 
with complete, correct, and 
updated operator's information 
(such as, but not limited to 
address, contact numbers, list 
of drivers, etc.) and other forms 
of misrepresentation 
 
12. Failure 
to 
display 
""No 
Smoking""' 
signage 
and/or 
allowing 
personnel 
or 
passenger to smoke inside the 
vehicle 
 
13. Fast, 
tampered, 
defective 
taximeter or operating without 
or with an old seal taximeter 
(TX only) * 
 
14. Tampered, 
broken, 
joined, 
reconnected, fake or altered 
sealing wire (TX only) * 
 
15. Violation of color scheme or 
design/Adoption of new color 
design without authority from 
the Board (PUB and TX only) 
 
16. Unregistered or unauthorized 
trade/business name (PUB and 
TX only) 
 
17. No Panel Route (PUJ, PUB, 
UV) 
 
 
 
 
 
 
 
 
 
 
 
 
 
 
 
 
 
 1st Offense - Php 5,000.00 
 
 2nd Offense - Php 10,000.00 
and impounding of unit for 
thirty (30) days 
 
 3rd and Subsequent Offenses 
– 
Php",256,"{'page': 89, 'title': '', 'author': '12345', 'format': 'PDF 1.7', 'source': 'D:/Projects/trafficlaw-chatbot/data/raw/FDM-vol.-2-2nd-Edition.pdf', 'creator': 'Microsoft® Word 2019', 'modDate': ""D:20210721115927+08'00'"", 'moddate': '2021-07-21T11:59:27+08:00', 'subject': '', 'trapped': '', 'keywords': '', 'producer': 'Microsoft® Word 2019', 'file_path': 'D:/Projects/trafficlaw-chatbot/data/raw/FDM-vol.-2-2nd-Edition.pdf', 'total_pages': 93, 'creationDate': ""D:20210721115927+08'00'"", 'creationdate': '2021-07-21T11:59:27+08:00'}"
"be sold in the market.
Section 7. Penalties. - (a) Any person caught not wearing the standard protective motorcycle helmet in violation of
this Act shall be punished with a fine of One thousand five hundred pesos (Php1,500.00) for the first offense; Three
thousand pesos (Php3,000.00) for the second offense; Five thousand pesos (Php5,000.00) for the third offense; and
Ten thousand pesos (Php10,000.00) plus confiscation of the driver's license for the fourth and succeeding offenses.
(b) Any seller and/or dealer who violates Section 5 of this Act shall be punished with a fine of not lees than Ten
thousand pesos (Php10,000.00) but not more than Twenty thousand pesos (Php20,000.00).
(c) Any person who uses, sells and distributes substandard motorcycle helmets or those which do not bear the PS
mark or the ICC certificate shall be punished with a fine of not less than Three thousand pesos (Php3,000.00) for",233,"{'page': 1, 'title': '', 'author': '', 'format': 'PDF 1.7', 'source': 'D:/Projects/trafficlaw-chatbot/data/raw/Republic Act No. 10054_Motorcycle Helmet Act of 2009.pdf', 'creator': 'Mozilla Firefox 141.0.3', 'modDate': '', 'moddate': '', 'subject': '', 'trapped': '', 'keywords': '', 'producer': 'cairo 1.18.0 (https://cairographics.org)', 'file_path': 'D:/Projects/trafficlaw-chatbot/data/raw/Republic Act No. 10054_Motorcycle Helmet Act of 2009.pdf', 'total_pages': 2, 'creationDate': ""D:20250816001029+08'00"", 'creationdate': '2025-08-16T00:10:29+08:00'}"
"same operator shall be counted as a third (3rd) offense, provided all 
apprehended vehicles belong to the same CPC. 
 
Fines and penalties provided for under existing Memorandum Circulars of the 
LTFRB which are not provided for in this Joint Administrative Order shall 
continue to be applied by the Board and Regional Franchising and Regulatory 
Offices.",70,"{'page': 90, 'title': '', 'author': '12345', 'format': 'PDF 1.7', 'source': 'D:/Projects/trafficlaw-chatbot/data/raw/FDM-vol.-2-2nd-Edition.pdf', 'creator': 'Microsoft® Word 2019', 'modDate': ""D:20210721115927+08'00'"", 'moddate': '2021-07-21T11:59:27+08:00', 'subject': '', 'trapped': '', 'keywords': '', 'producer': 'Microsoft® Word 2019', 'file_path': 'D:/Projects/trafficlaw-chatbot/data/raw/FDM-vol.-2-2nd-Edition.pdf', 'total_pages': 93, 'creationDate': ""D:20210721115927+08'00'"", 'creationdate': '2021-07-21T11:59:27+08:00'}"
"85 
 
 
VIOLATIONS 
FINES AND PENALTIES 
 
2. Refusal to render service to the 
public or convey passenger to 
destination* 
 
3. Overcharging / undercharging of 
fare* 
 
4. Failure to provide proper body 
markings 
 
5. No franchise / Certificate of 
Public Convenience or evidence 
of franchise presented during 
apprehension or carried inside 
the motor vehicle* 
 
6. Fraud and falsities such as 
presentation of fake and spurious 
CPC, OR/CR, plates, stickers 
and tags* 
 
 
 
7. Employing 
reckless, 
insolent, 
discourteous or arrogant drivers 
 
 
 
8. Allowing an unauthorized driver 
to drive PUV or allowing a driver 
to drive PUV without bringing 
his/her driver's license 
 
 
 
 
 
 
 
 
 
 
   1st Offense – Php 5,000.00 
 
   2nd Offense – Php 10,000.00   
and impounding of unit for  
    thirty (30) days 
 
   3rd and Subsequent Offenses   
   - Php 15,000.00 and  
   cancellation of CPC where the 
unit is authorized 
 
 
 
 
 
 
Revocation/Cancellation 
of 
the 
franchise/Certificate 
of 
Public 
Convenience, after due notice of 
hearing 
pursuant 
to 
LTFRB 
Memorandum Circular No. 2013-003 
 
 
 
1st Offense - Php 5,000.00 
 
2nd Offense - Php 10,000.00 
and impounding of unit for 
thirty (30) days 
 
 
3rd and Subsequent Offenses 
- 
Php",254,"{'page': 88, 'title': '', 'author': '12345', 'format': 'PDF 1.7', 'source': 'D:/Projects/trafficlaw-chatbot/data/raw/FDM-vol.-2-2nd-Edition.pdf', 'creator': 'Microsoft® Word 2019', 'modDate': ""D:20210721115927+08'00'"", 'moddate': '2021-07-21T11:59:27+08:00', 'subject': '', 'trapped': '', 'keywords': '', 'producer': 'Microsoft® Word 2019', 'file_path': 'D:/Projects/trafficlaw-chatbot/data/raw/FDM-vol.-2-2nd-Edition.pdf', 'total_pages': 93, 'creationDate': ""D:20210721115927+08'00'"", 'creationdate': '2021-07-21T11:59:27+08:00'}"
"Section 2. The penalty of prision correccional in its medium period and a fine of fifty thousand pesos (P50,000) shall
be imposed upon any person violating the provisions of this Act.
Section 3. This Act shall take effect immediately after its complete publication in the Official Gazette or in at least
two (2) national newspapers of general circulation.
Approved: February 13, 1998
The Lawphil Project - Arellano Law Foundation
8/17/25, 4:17 PM
Republic Act No. 8506
https://lawphil.net/statutes/repacts/ra1998/ra_8506_1998.html
1/1",141,"{'page': 0, 'title': 'Republic Act No. 8506', 'author': '', 'format': 'PDF 1.4', 'source': 'D:/Projects/trafficlaw-chatbot/data/raw/Republic Act No. 8506 _An Act Banning the Registration of Vehicles with Right-Hand Steering Wheels in the Philippines.pdf', 'creator': 'Mozilla/5.0 (Windows NT 10.0; Win64; x64) AppleWebKit/537.36 (KHTML, like Gecko) Chrome/139.0.0.0 Safari/537.36', 'modDate': ""D:20250817081716+00'00'"", 'moddate': '2025-08-17T08:17:16+00:00', 'subject': '', 'trapped': '', 'keywords': '', 'producer': 'Skia/PDF m139', 'file_path': 'D:/Projects/trafficlaw-chatbot/data/raw/Republic Act No. 8506 _An Act Banning the Registration of Vehicles with Right-Hand Steering Wheels in the Philippines.pdf', 'total_pages': 1, 'creationDate': ""D:20250817081716+00'00'"", 'creationdate': '2025-08-17T08:17:16+00:00'}"
"50 
 
Republic Act No. 10913 
 
FINES and PENALTIES 
 
First Offense 
 
- Five Thousand Pesos (Php 5,000.00) 
 
Second Offense 
 
- Ten Thousand Pesos (Php 10,000.00) 
 
Third Offense 
 
- Fifteen Thousand Pesos  
(Php 15,000.00) and Three (3) 
months suspension of driver's license 
 
Fourth Offense 
 
- 
Twenty Thousand Pesos  
(Php 20,000.00) and revocation of 
driver's license for succeeding 
offenses 
 
 
Drivers of the following: 
 
A driver of a public utility vehicle, school service vehicle, common 
carrier hauling volatile, flammable or toxic material, or a driver who 
commits an act classified herein as distracted driving within a fifty 
(50)-meter radius from the school premises shall be subject to a 
penalty of thirty thousand pesos (Php 30,000.00) and suspension 
of one's driver's license for three (3) months. 
 
 
If an offender operating a conveyance or machinery (tractors and 
construction 
equipment 
like 
graders, 
rollers, 
backhoes, 
payloaders, cranes) and other forms of conveyances such as 
bicycles, pedicabs, habal-habal, trolleys, ""kuligligs"", wagons,",248,"{'page': 53, 'title': '', 'author': '12345', 'format': 'PDF 1.7', 'source': 'D:/Projects/trafficlaw-chatbot/data/raw/FDM-vol.-2-2nd-Edition.pdf', 'creator': 'Microsoft® Word 2019', 'modDate': ""D:20210721115927+08'00'"", 'moddate': '2021-07-21T11:59:27+08:00', 'subject': '', 'trapped': '', 'keywords': '', 'producer': 'Microsoft® Word 2019', 'file_path': 'D:/Projects/trafficlaw-chatbot/data/raw/FDM-vol.-2-2nd-Edition.pdf', 'total_pages': 93, 'creationDate': ""D:20210721115927+08'00'"", 'creationdate': '2021-07-21T11:59:27+08:00'}"
"Section 48. Gross Violations. - In case of gross violation of this Act or its implementing rules and regulations, the
PAB shall recommend to the proper government agencies to file the appropriate criminal charges against the
violators. The PAB shall assist the public prosecutor in the litigation of the case. Gross violation shall mean:
(a) three (3) or more specific offenses within a period of one (1) year;
(b) three (3) or more specific offenses with three (3) consecutive years;
(c) blatant disregard of the orders of the PAB, such s but not limited to the breaking of seal, padlocks and
other similar devices, or operation despite the existence of an order for closure, discontinuance or cessation
of operation; and
(d) irreparable or grave damage to the environment as a consequence of any violation of the provisions of this
Act.
Offenders shall be punished with imprisonment of not less than six (6) years but not more than ten (10) years at the
discretion of the court. If the offender is a juridical person, the president, manager, directors, trustees, the pollution",240,"{'page': 18, 'title': 'R.A. 8749', 'author': '', 'format': 'PDF 1.4', 'source': 'D:/Projects/trafficlaw-chatbot/data/raw/R.A. 8749_Philippine Clean Air Act of 1999(Section 21-23).pdf', 'creator': 'Mozilla/5.0 (Windows NT 10.0; Win64; x64) AppleWebKit/537.36 (KHTML, like Gecko) Chrome/139.0.0.0 Safari/537.36', 'modDate': ""D:20250817092756+00'00'"", 'moddate': '2025-08-17T09:27:56+00:00', 'subject': '', 'trapped': '', 'keywords': '', 'producer': 'Skia/PDF m139', 'file_path': 'D:/Projects/trafficlaw-chatbot/data/raw/R.A. 8749_Philippine Clean Air Act of 1999(Section 21-23).pdf', 'total_pages': 20, 'creationDate': ""D:20250817092756+00'00'"", 'creationdate': '2025-08-17T09:27:56+00:00'}"
"second offense and six (6) 
months for the third offense 
from payment of fine and 
revocation of driver’s license on 
the succeeding offense. 
 
A 
revoked 
non-professional 
driver shall be disqualified from 
being granted a driver’s license 
for a period of two (2) years 
counted 
from 
date 
of 
revocation. 
 
A revoked professional driver 
shall be perpetually disqualified 
from 
getting 
any 
driver’s 
license. 
 
 
 
 
 
Php 3,000.00 
 
In addition, the driver’s license 
shall be put on alarm, revoked 
and 
the 
driver 
shall 
be 
disqualified from being granted 
a driver’s license and driving a 
motor vehicle for a period of 
one (1) year from the payment 
of the fine without prejudice to 
the filing of appropriate criminal 
charges.",146,"{'page': 77, 'title': '', 'author': '12345', 'format': 'PDF 1.7', 'source': 'D:/Projects/trafficlaw-chatbot/data/raw/FDM-vol.-2-2nd-Edition.pdf', 'creator': 'Microsoft® Word 2019', 'modDate': ""D:20210721115927+08'00'"", 'moddate': '2021-07-21T11:59:27+08:00', 'subject': '', 'trapped': '', 'keywords': '', 'producer': 'Microsoft® Word 2019', 'file_path': 'D:/Projects/trafficlaw-chatbot/data/raw/FDM-vol.-2-2nd-Edition.pdf', 'total_pages': 93, 'creationDate': ""D:20210721115927+08'00'"", 'creationdate': '2021-07-21T11:59:27+08:00'}"
"Section 45. Violation of Standards for Stationary Sources. - For actual exceedance of any pollution or air quality
standards under this Act or its rules and regulations, the Department, through the Pollution Adjudication Board
(PAB), shall impose a fine of not more than One hundred thousand pesos (P100,000.00) for every day of violation
against the owner or operator of a stationary source until such time that the standards have been complied with.
For purposes of the application of the fines, the PAB shall prepare a fine rating system to adjust the maximum fine
based on the violator's ability to pay, degree of willfulness, degree of negligence, history of non-compliance and
degree of recalcitrance: Provided, That in case of negligence, the first time offender's ability to pay may likewise be
considered by the Pollution Adjudication Board: Provided, Further, That in the absence of any extenuating or
aggravating circumstances, the amount of fine for negligence shall be equivalent to one-half of the fine for willful
violation.
The fines herein prescribed shall be increased by at least ten percent (10%), every three (3) years to compensate
for inflation and to maintain the deterrent function of such fines.",258,"{'page': 17, 'title': 'R.A. 8749', 'author': '', 'format': 'PDF 1.4', 'source': 'D:/Projects/trafficlaw-chatbot/data/raw/R.A. 8749_Philippine Clean Air Act of 1999(Section 21-23).pdf', 'creator': 'Mozilla/5.0 (Windows NT 10.0; Win64; x64) AppleWebKit/537.36 (KHTML, like Gecko) Chrome/139.0.0.0 Safari/537.36', 'modDate': ""D:20250817092756+00'00'"", 'moddate': '2025-08-17T09:27:56+00:00', 'subject': '', 'trapped': '', 'keywords': '', 'producer': 'Skia/PDF m139', 'file_path': 'D:/Projects/trafficlaw-chatbot/data/raw/R.A. 8749_Philippine Clean Air Act of 1999(Section 21-23).pdf', 'total_pages': 20, 'creationDate': ""D:20250817092756+00'00'"", 'creationdate': '2025-08-17T09:27:56+00:00'}"
"imprisonment or both shall be imposed. If the offender is a juridical person, the president, manager, directors,
trustees, the pollution control officer or the officials directly in charge of the operations shall suffer the penalty herein
provided.
8/17/25, 5:27 PM
R.A. 8749
https://lawphil.net/statutes/repacts/ra1999/ra_8749_1999.html?utm_source=chatgpt.com
18/20",108,"{'page': 17, 'title': 'R.A. 8749', 'author': '', 'format': 'PDF 1.4', 'source': 'D:/Projects/trafficlaw-chatbot/data/raw/R.A. 8749_Philippine Clean Air Act of 1999(Section 21-23).pdf', 'creator': 'Mozilla/5.0 (Windows NT 10.0; Win64; x64) AppleWebKit/537.36 (KHTML, like Gecko) Chrome/139.0.0.0 Safari/537.36', 'modDate': ""D:20250817092756+00'00'"", 'moddate': '2025-08-17T09:27:56+00:00', 'subject': '', 'trapped': '', 'keywords': '', 'producer': 'Skia/PDF m139', 'file_path': 'D:/Projects/trafficlaw-chatbot/data/raw/R.A. 8749_Philippine Clean Air Act of 1999(Section 21-23).pdf', 'total_pages': 20, 'creationDate': ""D:20250817092756+00'00'"", 'creationdate': '2025-08-17T09:27:56+00:00'}"
88,3,"{'page': 91, 'title': '', 'author': '12345', 'format': 'PDF 1.7', 'source': 'D:/Projects/trafficlaw-chatbot/data/raw/FDM-vol.-2-2nd-Edition.pdf', 'creator': 'Microsoft® Word 2019', 'modDate': ""D:20210721115927+08'00'"", 'moddate': '2021-07-21T11:59:27+08:00', 'subject': '', 'trapped': '', 'keywords': '', 'producer': 'Microsoft® Word 2019', 'file_path': 'D:/Projects/trafficlaw-chatbot/data/raw/FDM-vol.-2-2nd-Edition.pdf', 'total_pages': 93, 'creationDate': ""D:20210721115927+08'00'"", 'creationdate': '2021-07-21T11:59:27+08:00'}"
"83 
 
VIOLATIONS IN CONNECTION WITH FRANCHISE 
 
TYPE OF VIOLATION 
TYPE OF 
VEHICLE 
PENALTIES FOR FIRST 
(1ST) OFFENSE 
FINE 
Minimum 
Impounding 
Period 
(until) 
STATUS of CPC 
1. Colorum Violation - A 
motor 
vehicle 
is 
considered operating 
as ""colorum"" under 
any of the following 
circumstances: 
 
a. A 
private 
motor 
vehicle operating as 
a PUV but without 
proper authority from 
the LTFRB; 
 
 
b. A 
PUV 
operating 
outside 
of 
its 
approved route or 
area without a prior 
permit 
from 
the 
Board or outside the 
exceptions provided 
under 
existing 
memorandum 
circulars; 
 
 
c. A 
PUV 
operating 
differently from its 
authorized 
denomination 
(ex. 
those approved as 
school service but 
operating 
as 
UV 
express, 
or 
those 
approved as tourist 
bus 
transport 
but 
operating as city or 
provincial bus); and 
 
 
 
 
 
 
 
 
 
 
 
 
 
 
 
BUS 
 
 
TRUCKS 
 
 
JEEPNEY 
 
 
VANS 
 
 
SEDAN 
 
 
MC 
 
 
 
 
 
 
 
 
 
 
 
 
 
 
Php 
1 Million 
 
Php 
200,000.00 
 
Php 
50,000.00 
 
Php 
200,000.00 
 
Php 
120,000.00 
 
Php 
6,000.00 
 
 
 
 
 
 
 
 
 
 
 
 
 
 
 
 
 
 
 
 
      
 
 
 
     3       
    Months 
1. Revocation 
of 
the 
ENTIRE 
Certificate 
of 
Public 
Convenience 
(""CPC"") 
where 
the apprehended 
vehicle 
belongs 
(except 
when 
apprehended 
vehicle is with 
private/green 
plate); 
 
2. Blacklisting 
of 
the apprehended 
vehicle and all 
other authorized 
units included in 
the 
CPC 
from",255,"{'page': 86, 'title': '', 'author': '12345', 'format': 'PDF 1.7', 'source': 'D:/Projects/trafficlaw-chatbot/data/raw/FDM-vol.-2-2nd-Edition.pdf', 'creator': 'Microsoft® Word 2019', 'modDate': ""D:20210721115927+08'00'"", 'moddate': '2021-07-21T11:59:27+08:00', 'subject': '', 'trapped': '', 'keywords': '', 'producer': 'Microsoft® Word 2019', 'file_path': 'D:/Projects/trafficlaw-chatbot/data/raw/FDM-vol.-2-2nd-Edition.pdf', 'total_pages': 93, 'creationDate': ""D:20210721115927+08'00'"", 'creationdate': '2021-07-21T11:59:27+08:00'}"
"offense penalized under the Revised Penal Code or special penal laws, the failure of the owner to
report within three (3) days that the motorcycle is lost, damaged, or stolen, shall subject the owner
to a fine of not more than Ten thousand pesos (P10,000.00).""
Section 5. Section 12 of Republic Act No. 11235 is hereby amended to read as follows:
""Section 12. Erasing, Tampering, Forging, Imitating, Covering or Concealing a Number Plate or
Readable Number Plate and Intentional Use Thereof. -
(a) Erasing, tampering, altering, forging, imitating, covering, or concealing a number plate or
readable number plate, or intentionally using such erased, tampered, altered, forged,
imitated, covered or concealed number plate or readable number plate shall be punished with
imprisonment ranging from six (6) months and one (1) day to two (2) years, or a fine of not
more than Ten thousand pesos (P10,000.00), or both;
(b) If a person knowingly sells or buys an erased, tampered, altered, forged or imitated",251,"{'page': 1, 'title': 'Republic Act No. 12209', 'author': '', 'format': 'PDF 1.4', 'source': 'D:/Projects/trafficlaw-chatbot/data/raw/Republic Act No. 12209_Amendment to Motorcycle Crime Prevention Act (revised rules arising 2025).pdf', 'creator': 'Mozilla/5.0 (Windows NT 10.0; Win64; x64) AppleWebKit/537.36 (KHTML, like Gecko) Chrome/139.0.0.0 Safari/537.36', 'modDate': ""D:20250817082938+00'00'"", 'moddate': '2025-08-17T08:29:38+00:00', 'subject': '', 'trapped': '', 'keywords': '', 'producer': 'Skia/PDF m139', 'file_path': 'D:/Projects/trafficlaw-chatbot/data/raw/Republic Act No. 12209_Amendment to Motorcycle Crime Prevention Act (revised rules arising 2025).pdf', 'total_pages': 3, 'creationDate': ""D:20250817082938+00'00'"", 'creationdate': '2025-08-17T08:29:38+00:00'}"
"84 
 
 
TYPE OF VIOLATION 
PENALTIES FOR 
2ND OFFENSE 
 
 
d. A 
PUV 
with 
suspended 
or 
cancelled CPC and 
Decision/Order 
of 
the suspension or 
cancellation 
is 
executory; and 
 
 
e. A PUV with expired 
CPC and without a 
pending application 
for 
extension 
of 
validity timely filed 
before the Board. 
 
 
1. Revocation of ALL CPCs (entire fleet) of 
the operator; 
 
2. Disqualification of the operator, and, in 
case of a corporation, all its stockholders 
and directors, to operate any kind of public 
land transportation; 
 
3. Blacklisting of ALL authorized units (entire 
fleet) of the operator from being used as 
public utility vehicle; and 
 
4. Revocation of the registration of ALL 
authorized units (entire fleet) of the 
operator. 
 
In determining the frequency of offenses, the 
LTFRB and its RFRBs will count offenses 
against operators and not against a particular 
motor vehicle or CPC. Hence, the second 
apprehension of a vehicle belonging to the 
same operator, regardless of whether the first 
and second vehicle apprehended are included 
in the same or different CPCs, shall be 
counted as second (2nd) offense. 
 
If a private motor vehicle operating as a PUV 
but without proper authority from the LTFRB is",247,"{'page': 87, 'title': '', 'author': '12345', 'format': 'PDF 1.7', 'source': 'D:/Projects/trafficlaw-chatbot/data/raw/FDM-vol.-2-2nd-Edition.pdf', 'creator': 'Microsoft® Word 2019', 'modDate': ""D:20210721115927+08'00'"", 'moddate': '2021-07-21T11:59:27+08:00', 'subject': '', 'trapped': '', 'keywords': '', 'producer': 'Microsoft® Word 2019', 'file_path': 'D:/Projects/trafficlaw-chatbot/data/raw/FDM-vol.-2-2nd-Edition.pdf', 'total_pages': 93, 'creationDate': ""D:20210721115927+08'00'"", 'creationdate': '2021-07-21T11:59:27+08:00'}"
"revoked under the provisions of the preceding section or of any provisions of this Act, may require such driver to
post a bond in the sum of one thousand pesos conditioned upon the satisfaction and payment of any claim which
may be filed or of any execution which may be issued against such driver in any case wherein said driver may be
held answerable while operating motor vehicles. The bond required in this section shall be in such form as to render
sureties liable at least for a period of not less than one year nor more than three years: Provided, however, That
upon written application to the Commissioner for release from such a bond, the Commissioner may after revoking or
suspending the driver's license, authorize the release of the bondsmen from further responsibility thereunder:
Provided, further, That should the Commissioner decide not to revoke the license of a driver who has been
convicted of homicide through reckless imprudence, or of the violation of the speed limit or of reckless driving at
least three times within a twelve-month period, the said driver shall post a bond in the sum of not less than two
thousand pesos, conditioned upon the payment of any claim which may be filed or any execution which may be",245,"{'page': 9, 'title': '', 'author': '', 'format': 'PDF 1.7', 'source': 'D:/Projects/trafficlaw-chatbot/data/raw/Republic Act No. 4136_Land Transportation and Traffic Code.pdf', 'creator': 'Mozilla Firefox 141.0.3', 'modDate': '', 'moddate': '', 'subject': '', 'trapped': '', 'keywords': '', 'producer': 'cairo 1.18.0 (https://cairographics.org)', 'file_path': 'D:/Projects/trafficlaw-chatbot/data/raw/Republic Act No. 4136_Land Transportation and Traffic Code.pdf', 'total_pages': 18, 'creationDate': ""D:20250816000841+08'00"", 'creationdate': '2025-08-16T00:08:41+08:00'}"
"their being no grave abuse of authority, and done in the course of enforcing this Act.
Section 44. Lien Upon Personal and Immovable Properties of Violators. - Fines and penalties imposed
pursuant to this Act shall be liens upon personal or immovable properties of the violator. Such lien shall, in case of
insolvency of the respondent violator, enjoy preference to laborer's wages under Articles 2241 and 2242 of Republic
Act No. 386, otherwise known as the New Civil Code of the Philippines.
Chapter 6
Fines and Penalties
8/17/25, 5:27 PM
R.A. 8749
https://lawphil.net/statutes/repacts/ra1999/ra_8749_1999.html?utm_source=chatgpt.com
17/20",176,"{'page': 16, 'title': 'R.A. 8749', 'author': '', 'format': 'PDF 1.4', 'source': 'D:/Projects/trafficlaw-chatbot/data/raw/R.A. 8749_Philippine Clean Air Act of 1999(Section 21-23).pdf', 'creator': 'Mozilla/5.0 (Windows NT 10.0; Win64; x64) AppleWebKit/537.36 (KHTML, like Gecko) Chrome/139.0.0.0 Safari/537.36', 'modDate': ""D:20250817092756+00'00'"", 'moddate': '2025-08-17T09:27:56+00:00', 'subject': '', 'trapped': '', 'keywords': '', 'producer': 'Skia/PDF m139', 'file_path': 'D:/Projects/trafficlaw-chatbot/data/raw/R.A. 8749_Philippine Clean Air Act of 1999(Section 21-23).pdf', 'total_pages': 20, 'creationDate': ""D:20250817092756+00'00'"", 'creationdate': '2025-08-17T09:27:56+00:00'}"
"17. No Panel Route (PUJ, PUB, 
UV) 
 
 
 
 
 
 
 
 
 
 
 
 
 
 
 
 
 
 1st Offense - Php 5,000.00 
 
 2nd Offense - Php 10,000.00 
and impounding of unit for 
thirty (30) days 
 
 3rd and Subsequent Offenses 
– 
Php 
15,000.00 
and 
cancellation of CPC where the 
unit is authorized",65,"{'page': 89, 'title': '', 'author': '12345', 'format': 'PDF 1.7', 'source': 'D:/Projects/trafficlaw-chatbot/data/raw/FDM-vol.-2-2nd-Edition.pdf', 'creator': 'Microsoft® Word 2019', 'modDate': ""D:20210721115927+08'00'"", 'moddate': '2021-07-21T11:59:27+08:00', 'subject': '', 'trapped': '', 'keywords': '', 'producer': 'Microsoft® Word 2019', 'file_path': 'D:/Projects/trafficlaw-chatbot/data/raw/FDM-vol.-2-2nd-Edition.pdf', 'total_pages': 93, 'creationDate': ""D:20210721115927+08'00'"", 'creationdate': '2021-07-21T11:59:27+08:00'}"
"(b) For failure to sign driver's license or to carry same while driving, twenty pesos fine.
(c) Driving a vehicle with a delinquent or invalid driver's license, fifty pesos fine.
(d) Driving a motor vehicle with delinquent, suspended or invalid registration, or without registration or without
the proper license plate for the current year, three hundred pesos fine.
(e) Driving a motor vehicle without first securing a driver's license, three hundred pesos fine.
(f) Driving a motor vehicle while under the influence of liquor or narcotic drug, a fine of not less than two
hundred pesos nor more than five hundred pesos, or imprisonment of not more than three months, or both, at
the discretion of the Court.
(g) Violation of Section thirty-two, thirty-four (a), (b) and (b-1), thirty-five and forty-six a fine not exceeding one
hundred pesos: Provided, however, That in the case of violation of Section 34 (b) the vehicle or vehicles
affected may not be allowed to operate unless the requirements provided in this section are complied with.",244,"{'page': 16, 'title': '', 'author': '', 'format': 'PDF 1.7', 'source': 'D:/Projects/trafficlaw-chatbot/data/raw/Republic Act No. 4136_Land Transportation and Traffic Code.pdf', 'creator': 'Mozilla Firefox 141.0.3', 'modDate': '', 'moddate': '', 'subject': '', 'trapped': '', 'keywords': '', 'producer': 'cairo 1.18.0 (https://cairographics.org)', 'file_path': 'D:/Projects/trafficlaw-chatbot/data/raw/Republic Act No. 4136_Land Transportation and Traffic Code.pdf', 'total_pages': 18, 'creationDate': ""D:20250816000841+08'00"", 'creationdate': '2025-08-16T00:08:41+08:00'}"
"entity; and
(b) A motorist using a mobile phone while operating an emergency vehicle such as an ambulance, a fire truck,
and other vehicles providing emergency assistance, in the course and scope of his or her duties.
Section  7. Nationwide  Public  Information  Campaign.  -  The  DOTC-LTO,  in  coordination  with  the  Philippine
Information  Agency  (PIA),  the  Department  of  Education  (DepEd),  the  Department  of  the  Interior  and  Local
Government (DILG), the Philippine National Police (PNP) and private agencies and organizations shall undertake a
nationwide information, education and communication (IEC) campaign for a period of six (6) months from the
effectivity of this Act.
Section 8. Penalties. - Any person who shall violate any provision of this Act shall be penalized with:
(a) A fine of five thousand pesos (₱5,000.00) for the first offense;
(b) A fine of ten thousand pesos (₱10,000.00) for the second offense;
(c) A fine of fifteen thousand pesos (₱15,000.00) and suspension of driver’s license for three (3) months for
the third offense; and",244,"{'page': 1, 'title': '', 'author': '', 'format': 'PDF 1.7', 'source': 'D:/Projects/trafficlaw-chatbot/data/raw/Republic Act No. 10913_Anti-Distracted Driving Act.pdf', 'creator': 'Mozilla Firefox 141.0.3', 'modDate': '', 'moddate': '', 'subject': '', 'trapped': '', 'keywords': '', 'producer': 'cairo 1.18.0 (https://cairographics.org)', 'file_path': 'D:/Projects/trafficlaw-chatbot/data/raw/Republic Act No. 10913_Anti-Distracted Driving Act.pdf', 'total_pages': 3, 'creationDate': ""D:20250816001212+08'00"", 'creationdate': '2025-08-16T00:12:12+08:00'}"
"54 
 
Republic Act No. 10916 
 
The suspension of the franchise of the covered vehicle shall be 
effective immediately upon the date of issuance of the order of 
suspension. Provided, that period of suspension will subsist if the 
fine has not been paid within one (1) year from the order of 
suspension. 
 
Vehicles operating without a speed limiter or a malfunctioning or 
tampered speed limiter shall be impounded immediately and shall 
only release upon payment of the appropriate fines. 
 
 
ENFORCEMENT AND ADJUDICATION 
 
Inspection of Covered Vehicles Law - LTO and LTFRB Law 
Enforcement Officer (LEO) and its duly deputized agents shall 
have the authority to inspect apprehended vehicles for violating 
traffic rules and regulations and any other law, for non-compliance 
with this Act. The LTFRB shall have the authority to inspect and 
apprehend covered PUVs committing violations or failing to 
comply with the provisions of this Act. Non-installation and 
tampering of the speed limiter shall be liable to the penalty 
provisions thereof. 
 
Enforcement Procedure - The driver, upon lawful demand by the 
LTO LEO, shall surrender his/her driver's license and present the 
Certificate of Registration (CR), current Official Receipt (OR) of",251,"{'page': 57, 'title': '', 'author': '12345', 'format': 'PDF 1.7', 'source': 'D:/Projects/trafficlaw-chatbot/data/raw/FDM-vol.-2-2nd-Edition.pdf', 'creator': 'Microsoft® Word 2019', 'modDate': ""D:20210721115927+08'00'"", 'moddate': '2021-07-21T11:59:27+08:00', 'subject': '', 'trapped': '', 'keywords': '', 'producer': 'Microsoft® Word 2019', 'file_path': 'D:/Projects/trafficlaw-chatbot/data/raw/FDM-vol.-2-2nd-Edition.pdf', 'total_pages': 93, 'creationDate': ""D:20210721115927+08'00'"", 'creationdate': '2021-07-21T11:59:27+08:00'}"
"violation.
The fines herein prescribed shall be increased by at least ten percent (10%), every three (3) years to compensate
for inflation and to maintain the deterrent function of such fines.
In addition to the fines, the PAB shall order closure, suspension of development, construction, or operations of the
stationary sources until such time that proper environmental safeguards are put in place: Provided, That an
establishment liable for a third offense shall suffer permanent closure immediately. This paragraph shall be without
prejudice to the immediate issuance of an ex parte order for such closure, suspension of development or
construction, or cessation of operations during the pendency of the case upon prima facie evidence that their is
imminent threat to life, public health, safety or general welfare, or to plant or animal life, or whenever there is an
exceedance of the emission standards set by the Department and/or the Board and/or the appropriate LGU.
Section 46. Violation of Standards for Motor Vehicles. - No motor vehicle shall be registered with the DOTC
unless it meets the emission standards set by the Department as provided in Sec. 21 hereof.
Any vehicle suspected of violation of emission standards through visual signs, such as, but not limited to smoke-",255,"{'page': 17, 'title': 'R.A. 8749', 'author': '', 'format': 'PDF 1.4', 'source': 'D:/Projects/trafficlaw-chatbot/data/raw/R.A. 8749_Philippine Clean Air Act of 1999(Section 21-23).pdf', 'creator': 'Mozilla/5.0 (Windows NT 10.0; Win64; x64) AppleWebKit/537.36 (KHTML, like Gecko) Chrome/139.0.0.0 Safari/537.36', 'modDate': ""D:20250817092756+00'00'"", 'moddate': '2025-08-17T09:27:56+00:00', 'subject': '', 'trapped': '', 'keywords': '', 'producer': 'Skia/PDF m139', 'file_path': 'D:/Projects/trafficlaw-chatbot/data/raw/R.A. 8749_Philippine Clean Air Act of 1999(Section 21-23).pdf', 'total_pages': 20, 'creationDate': ""D:20250817092756+00'00'"", 'creationdate': '2025-08-17T09:27:56+00:00'}"
"for hire, in violation of Section seven, subsections (a), (b), and (c), of this Act, a fine of two hundred pesos and
suspension of driver's license for a period of three months for the first conviction; a fine of three hundred
pesos and six months imprisonment for the second conviction; and an imprisonment of one year and
permanent revocation of the driver's license for the third conviction.
(k) For permitting, allowing, consenting to, or tolerating the use of a privately-owned motor vehicle for hire in
violation of Section seven, subsections (a), (b), and (c), of this Act, there shall be imposed upon the owner of
the vehicle a fine of five hundred pesos and the certificate of registration shall be suspended for a period of
three months for the first conviction, and an increase of one hundred pesos in the fine and one month's
suspension of the registration for each subsequent conviction.
(l) For violation of any provisions of this Act or regulations promulgated pursuant hereto, not hereinbefore
specifically punished, a fine of not less than ten or more than fifty pesos shall be imposed.",253,"{'page': 16, 'title': '', 'author': '', 'format': 'PDF 1.7', 'source': 'D:/Projects/trafficlaw-chatbot/data/raw/Republic Act No. 4136_Land Transportation and Traffic Code.pdf', 'creator': 'Mozilla Firefox 141.0.3', 'modDate': '', 'moddate': '', 'subject': '', 'trapped': '', 'keywords': '', 'producer': 'cairo 1.18.0 (https://cairographics.org)', 'file_path': 'D:/Projects/trafficlaw-chatbot/data/raw/Republic Act No. 4136_Land Transportation and Traffic Code.pdf', 'total_pages': 18, 'creationDate': ""D:20250816000841+08'00"", 'creationdate': '2025-08-16T00:08:41+08:00'}"
"73 
 
B. DRIVING A MOTOR VEHICLE 
USED IN THE COMMISSION OF 
A CRIME UPON CONVICTION 
BY A REGULAR COURT OF 
COMPETENT JURISDICTION 
 
 
 
 
 
 
 
 
 
 
 
 
 
 
 
 
C. COMMISSION OF A CRIME IN 
THE COURSE OF 
APPREHENSION UPON 
CONVICTION BY A REGULAR 
COURT OF COMPETENT 
JURISDICTION 
 
 
 
 
 
 
 
 
 
 
 
 
 
 
 
 
Php 10,000.00 
 
In 
addition, 
the 
driver’s 
license shall be confiscated 
and upon conviction for the 
crime, revoked and the driver 
shall 
be 
perpetually 
disqualified 
from 
being 
granted a driver’s license and 
driving a motor vehicle. 
 
The motor vehicle driven by 
the violator shall likewise be 
impounded until ordered to 
be released by a regular 
court 
of 
competent 
jurisdiction after payment of 
appropriate 
fines 
and 
penalties. 
 
 
Php 10,000.00 
 
In 
addition, 
the 
driver’s 
license shall be confiscated, 
and revoked upon conviction 
for the crime. The driver shall 
be disqualified from being 
granted a driver’s license for 
a period of 5 years counted 
from the date of payment of 
appropriate 
fines 
and 
penalties 
 
The motor vehicle driven by 
the violator shall likewise be 
impounded until ordered to 
be released by a regular 
court 
of 
competent 
jurisdiction after payment of 
appropriate 
fines 
and 
penalties.",214,"{'page': 76, 'title': '', 'author': '12345', 'format': 'PDF 1.7', 'source': 'D:/Projects/trafficlaw-chatbot/data/raw/FDM-vol.-2-2nd-Edition.pdf', 'creator': 'Microsoft® Word 2019', 'modDate': ""D:20210721115927+08'00'"", 'moddate': '2021-07-21T11:59:27+08:00', 'subject': '', 'trapped': '', 'keywords': '', 'producer': 'Microsoft® Word 2019', 'file_path': 'D:/Projects/trafficlaw-chatbot/data/raw/FDM-vol.-2-2nd-Edition.pdf', 'total_pages': 93, 'creationDate': ""D:20210721115927+08'00'"", 'creationdate': '2021-07-21T11:59:27+08:00'}"
